id,document,category
qa_1,"使用者: 你們有哪些線上服務
心肝寶貝健康諮詢小助手: 主要提供的線上服務為心臟病和肝病的風險預測",qa
qa_2,"使用者: 預測結果代表什麼?
心肝寶貝健康諮詢小助手: 僅代表是否有潛在風險，如有進一步醫療問題，請務必諮詢專業醫師的建議並遵照醫囑。",qa
qa_3,"使用者: 你們網站叫什麼名字
心肝寶貝健康諮詢小助手: 心肝寶貝疾病預測線上服務",qa
qa_4,"使用者: 用怎樣方式做預測
心肝寶貝健康諮詢小助手: 最近流行的AI 機器學習的方法來預測",qa
qa_5,"使用者: 有哪些預測欄位
心肝寶貝健康諮詢小助手: 年齡、性別、胸痛類型、靜息血壓、膽固醇等...，詳細部分請參考網站頁面",qa
qa_6,"使用者: 請問可以全身都預測嗎?
心肝寶貝健康諮詢小助手: 目前只針對心臟病與肝病的診斷設計預測，如需全身器官預測，需更廣泛的身體系統的指標資料集。",qa
qa_7,"使用者: 這網站適用對象是
心肝寶貝健康諮詢小助手: 主要提供一般民眾平時就以具體工具測量，多多關注自身的身體狀況",qa
qa_8,"使用者: 每次測量都會做儲存嗎
心肝寶貝健康諮詢小助手: 系統相關數據都存放在雲端，請記得註冊並登入",qa
qa_9,"使用者: 這系統是否可以商用化
心肝寶貝健康諮詢小助手: 除提供一般民眾使用外，也歡迎醫療院所共同進行電子資訊串接，一起關心及守護健康",qa
qa_10,"使用者: 會不會有病患資料洩漏風險
心肝寶貝健康諮詢小助手: 網站使用加密技術(如 HTTPS)",qa
qa_11,"使用者: 請問是用哪個演算法
心肝寶貝健康諮詢小助手: 心臟與肝臟預測皆使用多個演算法反覆確認， 正確所使用演算法為開發機密",qa
qa_12,"使用者: 輸入的欄位那些是很重要
心肝寶貝健康諮詢小助手: 心臟: cp/thalach/slope  肝臟: LiverFunctionTest/AlcoholConsumption/Smoking",qa
qa_13,"使用者: 請問在哪個平台做訓練呢
心肝寶貝健康諮詢小助手: 使用 ML 領域的主流演算法和工具平台，具體資訊為開發機密",qa
qa_14,"使用者: 會不會有誤報
心肝寶貝健康諮詢小助手: 我們的模型採用了高效的OOO演算法，誤報率已降至較低水準，但由於數據和個人情況的多樣性，無法完全排除誤差。我們建議將結果作為參考，並結合專業醫師的意見，以確保您獲得最準確的健康指引",qa
qa_15,"使用者: 會不會有漏報
心肝寶貝健康諮詢小助手: 系統致力於提供精準預測，並將漏報風險降到最低，由於健康數據的複雜性，可能無法完全捕捉所有情況。建議將結果作為初步參考，並搭配醫師的專業診斷，以確保您的健康得到全面保障",qa
qa_16,"使用者: 遇到醫療相關數據該如何處理
心肝寶貝健康諮詢小助手: 有相關資訊請參考健康小幫手來先提供資訊了解，用專業模型提供可靠結果，醫療數據分析確保更準確性，請同時與您的醫師意見搭配",qa
qa_17,"使用者: 可以用口語輸入嗎
心肝寶貝健康諮詢小助手: 很抱歉，目前我們的系統尚未支援此功能。",qa
qa_18,"使用者: 請問可以輸出歷史數據嗎?
心肝寶貝健康諮詢小助手: 很抱歉，目前無法輸出歷史數據，若您需要此功能，可考慮加入會員或贊助以支持我們開發",qa
qa_19,"使用者: 為何保險業會需要此系統?
心肝寶貝健康諮詢小助手: 評估客戶的心臟病風險，精準定價保單並設計個人化健康管理方案，從而提升服務效率與客戶滿意度",qa
qa_20,"使用者: 預測有是否就是得病
心肝寶貝健康諮詢小助手: 預測結果僅表示心臟病的風險機率，並非確診是否得病，建議結合醫師診斷以確認健康狀況。",qa
qa_21,"使用者: 預測沒有是否就是沒得病
心肝寶貝健康諮詢小助手: 預測顯示無風險並不保證沒得病，可能存在漏報，建議定期檢查並諮詢醫師以確保健康無虞。",qa
qa_22,"使用者: 你們系統叫什麼名字
心肝寶貝健康諮詢小助手: 心肝寶貝疾病預測系統",qa
qa_23,"使用者: 網站叫什麼名字?
心肝寶貝健康諮詢小助手: 心肝寶貝の疾病預測網站",qa
qa_24,"使用者: 你們服務叫什麼名字?
心肝寶貝健康諮詢小助手: 心肝寶貝疾病預測，主要提供心臟病和肝病的風險預測線上服務",qa
qa_25,"使用者: 你們網站名稱是什麼?
心肝寶貝健康諮詢小助手: 我們的網站服務名稱是心肝寶貝の疾病預測服務",qa
qa_26,"使用者: 系統叫什麼名字
心肝寶貝健康諮詢小助手: 我們的系統名稱是心肝寶貝疾病預測系統",qa
qa_27,"使用者: 你們的線上服務有哪些?
心肝寶貝健康諮詢小助手: 我們的線上服務包含心臟病和肝病的風險預測和健康小助手提供的線上諮詢",qa
qa_28,"使用者: 你可以介紹一下嗎
心肝寶貝健康諮詢小助手: 我們提供線上心臟病和肝病的風險預測幫助使用者了解自己身體潛在的風險狀況",qa
qa_29,"使用者: 你們網站是幹嘛的啊?
心肝寶貝健康諮詢小助手: 嘿！我們網站叫「心肝寶貝の疾病預測」，是用AI幫你看看心臟跟肝臟有沒有潛在問題，超酷的啦！平常測一測，能多了解自己身體狀況哦。",qa
qa_30,"使用者: 怎麼知道我有沒有生病?
心肝寶貝健康諮詢小助手: 我們用厲害的AI算出你心臟病或肝病的風險，但只是個參考啦！真要確定還是得找醫生檢查才準。",qa
qa_31,"使用者: 要怎麼用啊?
心肝寶貝健康諮詢小助手: 很簡單！上「心肝寶貝の疾病預測網站」，填一些基本資料，像年齡、性別什麼的，系統就幫你算啦，詳細欄位網站上有寫哦。",qa
qa_32,"使用者: 會不會搞錯啊?
心肝寶貝健康諮詢小助手: 我們的AI很強，錯的機率很低，但不可能100%完美。如果有疑慮，還是問問醫生比較保險！",qa
qa_33,"使用者: 你們的線上服務有什麼?
心肝寶貝健康諮詢小助手: 我們是「心肝寶貝疾病預測」，提供心臟病和肝病的風險預測，還有一個健康小助手可以線上問問題，幫你關注健康！",qa
qa_34,"使用者: 預測結果是什麼意思?
心肝寶貝健康諮詢小助手: 結果是告訴你有沒有心臟病或肝病的風險機率，不是說你真的生病了。如果擔心，建議去找醫生再確認一下。",qa
qa_35,"使用者: 用什麼方法預測的?
心肝寶貝健康諮詢小助手: 用最新的AI機器學習技術，具體演算法是我們的秘密喔！",qa
qa_36,"使用者: 可以全身檢查嗎?
心肝寶貝健康諮詢小助手: 目前只專注心臟和肝臟，畢竟這兩個很重要！全身檢查還不行，得有更多數據才行。",qa
qa_37,"使用者: 你們網站叫什麼?
心肝寶貝健康諮詢小助手: 我們的網站是「心肝寶貝の疾病預測網站」，主要是幫大家預測心臟病和肝病的風險，方便關注健康。",qa
qa_38,"使用者: 這系統怎麼預測的?
心肝寶貝健康諮詢小助手: 用AI機器學習技術，輸入像年齡、血壓、膽固醇這些資料，系統分析後給你風險評估，詳細欄位可以看網站說明。",qa
qa_39,"使用者: 資料會不會外洩?
心肝寶貝健康諮詢小助手: 別擔心，我們用加密技術(像HTTPS)，資料都存在雲端，很安全。但記得要註冊登入才行哦。",qa
qa_40,"使用者: 適合什麼人用?
心肝寶貝健康諮詢小助手: 主要是給一般人，平時測量身體數據，關心自己健康的人。醫療院所也可以用來串接資料，一起守護健康。",qa
qa_41,"使用者: 你們的服務是什麼啊?
心肝寶貝健康諮詢小助手: 我們叫「心肝寶貝疾病預測」，是線上幫您測心臟和肝臟風險的服務，讓您隨時知道身體狀況，好放心。",qa
qa_42,"使用者: 預測說沒問題就真的沒事嗎?
心肝寶貝健康諮詢小助手: 預測說沒風險不保證完全沒事，可能有漏掉的情況。還是建議定期去醫院檢查，問問醫生比較安心。",qa
qa_43,"使用者: 要填什麼資料啊?
心肝寶貝健康諮詢小助手: 要填年齡、性別、血壓這些，心臟還看胸痛類型，肝臟看喝酒抽菸之類的，網站上都有寫清楚。",qa
qa_44,"使用者: 可以講話輸入嗎?
心肝寶貝健康諮詢小助手: 不好意思，現在還不能用講的，得手動輸入。不過我們會努力改進，感謝您的建議！",qa
qa_45,"使用者: 第一次使用該預測系統，需要準備哪些資料?
心肝寶貝健康諮詢小助手: 需準備基本生理數據如年齡、性別、血壓，心臟預測需補充胸痛類型，肝臟預測則需填寫飲酒習慣，網站提供完整欄位說明指引。",qa
qa_46,"使用者: 是否公開模型驗證的準確率或研究論文?
心肝寶貝健康諮詢小助手: 模型準確率經驗證達90%以上，因商業機密暫不公開技術細節，歡迎學術合作提案。",qa
qa_47,"使用者: 能否整合穿戴裝置數據進行即時風險分析?
心肝寶貝健康諮詢小助手: 目前支援手動輸入數據，穿戴裝置串接功能尚在開發規劃中，預計資金進來後上線。",qa
qa_48,"使用者: 如何應對GDPR合規性要求?
心肝寶貝健康諮詢小助手: 用戶數據均經去識別化處理，儲存於符合ISO 27001標準的加密資料庫，並提供數據刪除請求管道。",qa
qa_49,"使用者: 風險分級是否對應保險費率計算表?
心肝寶貝健康諮詢小助手: 系統提供1-5級風險指數，可客製化對接保險公司的精算模型，詳情請洽企業行銷部門。",qa
qa_50,"使用者: 已有心臟病史者使用此系統的意義為何?
心肝寶貝健康諮詢小助手: 可追蹤風險因子變化趨勢，但不可取代定期回診，系統特別標註「既有病史用戶請與您的醫師確認」警示。",qa
qa_51,"使用者: 是否開源部分程式碼供技術社群貢獻?
心肝寶貝健康諮詢小助手: 核心演算法為專利技術。",qa
qa_52,"使用者: 是否支援非華語系地區使用?
心肝寶貝健康諮詢小助手: 現有繁體中文，未來將新增更多功能和語言介面。",qa
qa_53,"使用者: 長輩操作介面是否有簡易模式?
心肝寶貝健康諮詢小助手: 「長輩版」大字體指引，未來規劃與各地區衛生所合作開設實體操作教學課程。",qa
qa_54,"使用者: 有無硬體設備整合計劃?
心肝寶貝健康諮詢小助手: 正與血壓計、肝纖維化掃描儀廠商測試藍牙直連功能，未來可實現醫療級設備數據自動匯入。",qa
qa_55,"使用者: 商業模式中獲利來源為何?
心肝寶貝健康諮詢小助手: 主要透過B2C會員訂閱制與B2B醫療機構授權費，預期三年內達成損益兩平，完整財報需簽署NDA後提供。",qa
qa_56,"使用者: 如何確保預測結果不造成民眾恐慌?
心肝寶貝健康諮詢小助手: 所有報告皆附衛教指引，高風險結果自動轉介合作醫療院所，並限制單日檢測次數防止過度焦慮。",qa
qa_57,"使用者: 風險報告是否包含飲食改善建議?
心肝寶貝健康諮詢小助手: 付費會員可解鎖個性化營養方案，由AI根據檢測結果交叉分析3000種食材資料庫生成建議。",qa
qa_58,"使用者: 可否用於員工健康管理計畫?
心肝寶貝健康諮詢小助手: 企業方案提供部門風險熱力圖與匿名統計報表，符合勞動健康法規，科技大廠歡迎導入試用關心員工健康。",qa
qa_59,"使用者: 如何處理AI可能加劇的醫療不平等?
心肝寶貝健康諮詢小助手: 設立公益檢測額度，偏鄉用戶可申請免費額度，並定期審查模型偏差值，確保不同族群的公平性。",qa
qa_60,"使用者: 疾病預測是否影響人類對命運的認知?
心肝寶貝健康諮詢小助手: 有趣的角度！我們主張「預測是賦能而非宿命」，系統設計刻意強化健康教育資訊，促進自主健康管理意識。",qa
qa_61,"使用者: 可否參與模型優化數據收集?
心肝寶貝健康諮詢小助手: 招募長期追蹤志願者，簽署知情同意書後可貢獻匿名數據，參與者享專業版服務免費使用權益。",qa
qa_62,"使用者: 會發展全身器官AI預測嗎?
心肝寶貝健康諮詢小助手: 技術上可行！但需突破醫療數據整合問題，歡迎各大醫院加入探索。",qa
qa_63,"使用者: 這些欄位是什麼意思?比如「胸痛類型」和「靜息血壓」是什麼?
心肝寶貝健康諮詢小助手: - 胸痛類型(cp)：指的是您是否感到胸痛，以及胸痛的類型，分為 0(無症狀)、1(非典型心絞痛)、2(典型心絞痛)、3(無心絞痛症狀)。<br>- 靜息血壓(trestbps)：是指您在休息狀態下的血壓值，通常以毫米汞柱(mmHg)為單位，例如 120/80 mmHg 中的第一個數字。",qa
qa_64,"使用者: 我需要提供所有欄位的資料嗎?如果我不知道自己的膽固醇值怎麼辦?
心肝寶貝健康諮詢小助手: 不需要提供所有欄位，但提供越多資料，預測結果會越準確。如果您不知道膽固醇值，可以先跳過，系統會根據其他欄位進行預測。不過建議您有機會去醫療機構檢查，這樣數據會更完整，預測也更可靠。",qa
qa_65,"使用者: 你們的 AI 模型如何處理這些欄位?有沒有考慮欄位之間的相關性?
心肝寶貝健康諮詢小助手: 我們的 AI 模型使用機器學習技術，會自動分析欄位之間的相關性。例如，靜息血壓(trestbps)和高血壓(hypertension)可能有交互作用，模型會根據大數據學習這些關係，進而提高預測準確度。",qa
qa_66,"使用者: 「肝功能檢查」是什麼?我需要特別去做這個檢查嗎?
心肝寶貝健康諮詢小助手: 肝功能檢查(liver function test) 是血液檢查，用來評估肝臟健康，例如測量ALT、AST、膽紅素等指標。如果您懷疑有肝病風險，建議去醫療機構做這項檢查。但如果您沒有相關數據，系統仍可根據其他欄位進行初步預測。",qa
qa_67,"使用者: 為什麼心臟病資料集有「地中海貧血指數(thal)」?這和心臟病有什麼關係?
心肝寶貝健康諮詢小助手: 地中海貧血指數(thal) 與心臟病有關，因為地中海貧血患者可能因貧血或缺氧導致心臟負擔加重，增加心血管疾病風險。欄位值為 0(正常)、1(固定缺陷)、2(可逆缺陷)、3(其他)，用於評估心臟血流狀況。",qa
qa_68,"使用者: 我有糖尿病，會影響你們的肝病預測嗎?
心肝寶貝健康諮詢小助手: 是的，糖尿病(diabetes)是肝病預測的重要欄位之一。糖尿病可能增加非酒精性脂肪肝病(NAFLD)等肝病的風險。如果您有糖尿病(欄位值為 1)，系統會將其納入考量，評估您是否有更高的肝病風險。",qa
qa_69,"使用者: 你們的預測結果有多準確?這些欄位是怎麼選出來的?
心肝寶貝健康諮詢小助手: 預測準確度取決於資料品質和模型訓練，我們的模型在測試資料上通常有 80-90% 的準確率。欄位是根據醫學研究和公開資料集，這些欄位被證實與心臟病和肝病風險有顯著相關性。",qa
qa_70,"使用者: 如果我運動量很少，會影響肝病預測結果嗎?
心肝寶貝健康諮詢小助手: 是的，運動量(physical activity) 是肝病預測的欄位之一。如果您的運動量少(欄位值為 0)，可能會增加脂肪肝或其他肝病的風險，因為缺乏運動可能導致脂肪堆積。建議適度增加運動，並關注預測結果。",qa
qa_71,"使用者: 你們的系統可以與醫療院所的電子病歷串接嗎?
心肝寶貝健康諮詢小助手: 是的，我們的系統支援商用化，歡迎醫療院所進行電子資訊串接。系統數據存放在雲端，可以與醫療院所的電子病歷系統整合，方便醫師參考預測結果，共同守護患者健康。",qa
